3M#mmm-prod2-dispatcher1useast1
AARP#aarp-prod-e75-dispatcher1useast1
AARP#aarp-prod-e75-dispatcher1uswest2
AB_Sandvik_Coromant#sandvik-prod65-dispatcher1euwest1
AB_TETRA_PAK#tetrapak-prod65-dispatcher1westeurope
ACCA#acca-prod-65s-dispatcher1euwest1
ACCA_(China)#acca-cn-prod65-01-dispatcher1cnnorth1
ACT#act-prod65-dispatcher1useast1
ADT#adt-prod-aem65-dispatcher1useast1
AGL_Energy_Limited#agl-prod65-02-dispatcher1australiasoutheast
AIA_Shared_Services_(Hong_Kong)_Ltd.#aia-preprod65-01-dispatcher1eastasia
AIA_Shared_Services_(Hong_Kong)_Ltd.#aia-preprod65-01-dispatcher1southeastasia
AIA_Shared_Services_(Hong_Kong)_Ltd.#aia-prod65-03-dispatcher1eastasia
AIA_Shared_Services_(Hong_Kong)_Ltd.#aia-prod65-03-dispatcher1southeastasia
AIG_Travel#aigtravel-prod6-dispatcher1uswest2
AMAG_Corporate_Services_AG#amag-prod-dispatcher1westeurope
ANZ_Bank_New_Zealand_Limited#anzbanknz-prod65-01-dispatcher1apsoutheast2
ASF4_(US_CIS)#uscis-prod65e-01-dispatcher1usgovwest1
ASF4_(US_CIS)#uscis-prod65e-05-dispatcher1usgovwest1
ASICS_Corporation#asics-assets-65-production-02-dispatcher1uswest1
AXA_Equitable_Life_Insurance#axaequi-b70a-prod-dispatcher1eastus
AbbVie#abbvie-aem65-prod-01-dispatcher1euwest1
AbbVie#abbvie-aem65-prod-01-dispatcher1useast1
AbbVie_Commercial#abbvie-commercial-prod-65-dispatcher1useast1
AbbVie_Commercial#abbvie-commercial-prod-65-preview-dispatcher1useast1
Acer_Inc#acer-dam-prod65-dispatcher1apnortheast1
Advanced_Info_Services#ais-prod03-dispatcher1apsoutheast1
Aegon_UK_Corporate_Services#aegon-prod-dispatcher1euwest1
Aeon_Bank_Ltd#aeon-prod-65-dispatcher1apnortheast1
Aimco_Properties_LP_(Enterprise)#aimco-prod-071420-dispatcher1westus2
Air_Asia#airasiaindia-prod-dispatcher1apsouth1
Air_Canada#aircanada-prod-dispatcher1useast1
Akamai_Technologies_(Enterprise)#akamaitech-prod-dispatcher1eastus
Akzo_Nobel_Sourcing_BV#akzonobel-prod-dispatcher1cnnorth1
Akzo_Nobel_Sourcing_BV#akzonobel-prod-dispatcher1euwest1
Aldi_International_Services_GmbH_And_Co.oHG#aldi-is-sites-65-prod-2-dispatcher1eucentral1
Allianz-APAC#allianz-apac-65-prod-01-dispatcher1apsoutheast1
Allianz_Managed_Operations_And_Services_SE_(EMEA)#allianz-emea-65-prod-dispatcher1eucentral1
Ally_Bank#ally-65-production-dispatcher1useast1
Altria_Client_Services_LLC_(Assets)#altria-assets65-prod02-dispatcher1useast1
Amadeus_IT_Group_SA#amadeus-prod-65-dispatcher1eucentral1
Amadeus_IT_Group_SA_(E-commerce)#amadeus-des-prod-dispatcher1eucentral1
Amazon.com_Services#amsvcs-65-prod-dispatcher1useast1
Amazon_Business#amzbus-prod65-dispatcher1uswest2-new
Amazon_Climate_Pledge#amznclimate-prod-b75-dispatcher1uswest2
Amazon_Employee_Relations#amazon-er-prod-dispatcher1euwest1-28135510
Amazon_Flex#amazonflex-prod-dispatcher1useast1
Amazon_Flex#amazonflex-prod-dispatcher1useast1-preview
Amazon_Fulfillment_Services_Inc#afs-prod65-dispatcher1uswest2
Amazon_Global_Events#amazon-events-prod-dispatcher1uswest1
Amazon_Halo#amazon-halo-prod-dispatcher1uswest1-27980198
Amazon_SciNet#amz-scinet-prod-dispatcher1useast1
Amazon_Stealth#amazon-stealth-prod-dispatcher1useast1
American_Eagle_Outfitters#AmericanEagle-prod-65b-dispatcher1useast1
American_Red_Cross#redcross-b70-prod-dispatcher1useast1
American_Red_Cross#redcross-b70-prod-dispatcher1uswest1
Andreas_Stihl_AG_and_CO_KG#stihl-prod-65-dispatcher1westeurope
Anthem_Inc#anthem-prod1-dispatcher1useast1
Anthem_Inc#anthem-prod1-dispatcher1uswest1
Apollo_Tyres_Ltd.#apollo-prod-dispatcher1eucentral1-28274841
Army_and_Air_Force_Exchange_Service#aafes-prod-1-dispatcher1southcentralus
Artisan_Partners#prod65-artisanpartners-dispatcher1useast1
Asahi_Kasei_Microdevices#akm-prod65-03-dispatcher1apnortheast1
Asian_Paints_Limited#apl-prod65-dispatcher1southindia
Association_Member_Benefits_Advisors_Ltd_AMBA#amba-prod-dispatcher1useast1
Association_of_International_CPA#aicpa-prod65-B70-dispatcher1useast1
Astellas#astellas-prod-65-dispatcher1apnortheast1
Astellas#astellas-prod-65-dispatcher1useast1
Astellas_Pharma_(China)_Inc#astellas-cn-prod65-dispatcher1cnnorth1
AstraZeneca#astrazeneca-us-65-preprod-dispatcher1useast1
AstraZeneca#astrazeneca-us-prod65-dispatcher1useast1
AstraZeneca-Digital#astrazeneca-digital-prod65-dispatcher1useast1
AstraZeneca-Digital#astrazeneca-od-preprod65-dispatcher1useast1
AstraZeneca_JP#astrazeneca-jp-65-preprod-dispatcher1apnortheast1
AstraZeneca_JP#astrazeneca-jp-prod65-dispatcher1apnortheast1
Atlas_Copco#atlascopco-prod65-dispatcher1cnnorth1
Atlas_Copco#atlascopco-prod65-dispatcher1eucentral1
Australia_and_New_Zealand_Banking_Group#anzbank-prod65-dispatcher1apsoutheast2
Australian_Postal_Corporation#auspost-prod65-03-dispatcher1apsoutheast2
Auto_Club_Group_(Enterprise)#autoclubgroup-prod-dispatcher1useast1
Aveva_Solutions_ES#aveva-esec-cn-prod-dispatcher1cnnorth1
Aveva_Solutions_ES#aveva-esec-prod65-dispatcher1euwest1
Aviva_Group#avivaprod65-author-dispatcher11euwest1
Aviva_Group#avivaprod65-author-dispatcher12euwest1
Aviva_Group#avivaprod65-dispatcher1apsoutheast1
Aviva_Group#avivaprod65-dispatcher1euwest1
Azul_Linhas_Aereas_Brasileiras_SA#azul-prod65-dispatcher1eastus2
BASF_-_NA#basf-na-prod-dispatcher1useast1
BASF_BUSINESS_SERVICES_GMBH#basf-preprod-as-dispatcher1eucentral1
BASF_BUSINESS_SERVICES_GMBH#basf-prod-as-dispatcher1eucentral1
BDO_Unibank#bdo-prod-dispatcher1apsoutheast1
BJs_Wholesale_Club#bjs-prod65-1-dispatcher1useast1
BNP_Paribas_SA#bnp-paribas-prod2-dispatcher1francecentral
Bajaj_Finance_Limited#bajajfinance-prod-dispatcher1apsouth1-28264554
Bajaj_Finance_Limited#bajajfinance-prod-dispatcher1apsouth1-28284575
Bajaj_Finance_Limited_Assets#bajajfinancedam-prod-dispatcher1apsouth1
Banco_Azteca_S._A.#bancoazteca-prod65-dispatcher1uswest1
Banco_Bilbao_Vizcaya_Argentaria_(NA)#bbva-prod65-dispatcher1uswest1-28256159
Banco_Nacional_de_Mexico#banconacional-prod65-01-dispatcher1useast1
Banco_Santander_Totta_SA#santander-prod-dispatcher1westeurope
Bank_of_Queensland_(AEM)#bankofqueensland-prod65-01-dispatcher1apsoutheast2
Bankwest#bankwest-prod65-01-dispatcher1apsoutheast2
Barcelo_Gestion_Hotelera_S.L.#barcelo-prod-65-dispatcher1euwest1-28281229
BarclaysBank#barclayspreprod65s3-dispatcher1eucentral1
BarclaysBank#barclayspreprod65s3-dispatcher1euwest1
BarclaysBank#barclaysprod65s3-dispatcher1eucentral1
BarclaysBank#barclaysprod65s3-dispatcher1euwest1
Bbcom#bbcom-prod1-dispatcher1uswest2
Beijing_Xiaomi_Mobile_Software#xiaomi-assets-prod-dispatcher1cnnorth1
Beijing_Xiaomi_Mobile_Software#xiaomi-assetsshare-prod-dispatcher1eucentral1
Biogen#biogen-b75a-prod-dispatcher1useast1
Biogen#biogen-b75b-contentprod-dispatcher1useast1
Blue_Cross_Blue_Shield_of_Michigan#bcbsm-preprod-b75-1-dispatcher1useast1
Blue_Cross_Blue_Shield_of_Michigan#bcbsm-prod-b75-1-dispatcher1useast1
Blue_Cross_Blue_Shield_of_Michigan#bcbsm-prod-b75-1-dispatcher1uswest1
Blue_Cross_and_Blue_Shield_of_South_Carolina#bcbssc-prod-dispatcher1useast1
Blue_Origin#blue-origin-prod-dispatcher1usgovwest1
Blue_Shield_of_California#bsoc-prod-b75-2-dispatcher1westus2
Boots_UK_Limited#boots-uk-prod-65-dispatcher1northeurope
Booz_Allen_Hamilton#bahsig-b70-prod65-dispatcher1useast1
Boston_Scientific_Corporation#bsci-b75-prod-dispatcher1useast1
Bowling_Green#bowlinggreen-prod-65-dispatcher1useast1
Briggs_and_Stratton_Corporation#briggs-65e-prod-01-dispatcher1northcentralus
Bristol_Myers_Squibb#bms-aem66-prod-dispatcher1useast1
Bristol_Myers_Squibb_(Assets)#bms-assets-prod66-dispatcher1useast1
British_American_Tobacco#bat-b75-prod-dispatcher1useast1
British_Telecom_PLC#bt-prod-65-1-dispatcher1euwest1
British_Telecom_PLC_Wholesale_Sites#btw-sites-prod-65-dispatcher1euwest2
Broadcom_Corporation#broadcom-prod-65-dispatcher1useast1
Broadridge_Financial#broadridge-prod65-dispatcher1useast1
Brookdale_Senior_Living#brookdale-65-prod-dispatcher1useast1
Brown_Brothers_Harriman_and_Co#brown-brothers-harriman-prod-dispatcher1useast1
Buhler_AG#buhler-prod65-cn1-dispatcher1cnnorth1
Buhler_AG#buhler-prod65-dispatcher1eucentral1
Byd_Company_Limited#byd-cn-prod-2-dispatcher1cnnorth1
Byd_Company_Limited#byd-prod-2-dispatcher1eucentral1
CDW#cdw-prod-65-dispatcher1eastus2
CIMB_Bank_Berhad#cimb-prod-65-01-dispatcher1apsoutheast1
CLP_Power_Hong_Kong#CLP-Power-Prod-dispatcher1eastasia
CVS_Health#cvs-pre-prod01-dispatcher1eastus2
CVS_Health#cvs-pre-prod01-dispatcher1westus
CVS_Health#cvs-prod01-dispatcher1eastus2
CVS_Health#cvs-prod01-dispatcher1westus
Caesars_Entertainment#caesars-prod65-dispatcher1uswest2
Caesars_Entertainment_(Screens)#caesars-screens-65-prod-dispatcher1uswest2
Canadian_Imperial_Bank_of_Commerce#cibc-65-prod-dispatcher1canadacentral
Canadian_Tire_Corporation#ctc-65-prod-dispatcher1canadacentral-28266228
Canadian_Tire_Corporation#ctc-65-prod-dispatcher1westus2-28263135
CanaraHSBC_OBC_Life_insurance-Forms#canarahsbc-prod1-form-dispatcher1apsouth1
Canon_USA_Inc.#canon-usa-65-prods3-dispatcher1useast1
Canopy_Growth_Corp#canopygrowthcorp-prod64-dispatcher1cacentral1
Carl_Zeiss_AG#zeiss-prod65-dispatcher1westeurope
Carnival_Corporation#carnival-prod-65-dispatcher1euwest1
Carnival_Corporation_(Brands)#carnivalbrands-65-prod-dispatcher1eucentral1
Carrefour_Belgium#carrefour-prod-65-dispatcher1westeurope
Casio_Computer_Co._Ltd#casio-prod-dispatcher1apnortheast1
Cedars-Sinai_Medical_Center#cedarssinai-prod-65e-01-dispatcher1uswest1
Cellular_South_Inc.#cellsouth-65-prod-dispatcher1eastus2
Center_Parcs_Cloud#centerparcs-as-prod-dispatcher1euwest1
CenturyTel_Service_Group#centurytel-65-prod-dispatcher1eastus2
CenturyTel_Service_Group#centurytel-65-prod-dispatcher1westus2
CenturyTel_Service_Group#centurytel-prod-dispatcher1eastus2
Change_Healthcare_Operations_LLC#changehealthprod-dispatcher1eastus2
Changi_Airport_Group#changi-prod-65-04-dispatcher1apsoutheast1
Chevron#chevron-prod-65-dispatcher1uswest1
Chewy_Inc#chewy-prod-dispatcher1useast1
Chipotle#chipotle-B75-Prod-c-dispatcher1useast1
Chipotle#chipotle-B75-Prod-c-dispatcher1uswest1
Chubb_INA_Holdings_Inc#chubb-b70a-preprod-dispatcher1eastus2
Chubb_INA_Holdings_Inc#chubb-b70a-preprod-dispatcher1southeastasia
Chubb_INA_Holdings_Inc#chubb-b70a-prod-dispatcher1eastus2
Chubb_INA_Holdings_Inc#chubb-b70a-prod-dispatcher1southeastasia
Citibank_N.A#citibank-prod-65a-dispatcher1useast1
Citibank_N.A#citibank-prod-65a-dispatcher1useast1-preview3
Citibank_N.A#citibank-prod-65a-dispatcher1uswest1
Citibank_NA_Singapore_Branch#citisgsgipbmy-production-dispatcher1apsoutheast1
Citibank_NA_Singapore_Branch#citisgsgipbmy-production-dispatcher1useast1
City_National_Bank#cnb-65-prod-03-dispatcher1useast1
City_National_Bank#cnb-65-prod-03-dispatcher1uswest1
City_of_San_Antonio_(Enterprise)#sanantonio-prod-dispatcher1usgovwest1
Clifford_Chance_LLP_(Enterprise)#cliffordchance-prod-65-dispatcher1euwest1
Club_HKT_Limited#clubhkt-prod-01-dispatcher1southeastasia
Coca_Cola_(GO)#cocacola-go-b60e-02-prod-dispatcher1useast1
Coles_Supermarkets_Australia#coles-au-prod-01-dispatcher1australiaeast
Colgate-Palmolive_Company#colgate-prod-65-dispatcher1useast1
Columbia_Sportswear_Company#columbia-prod65-1-dispatcher1uswest2
CommonSpirit_Health#csh-prod-1-dispatcher1eastus
Commonwealth_Bank_of_Australia_-_Assets#cba-marketing-assets-prod-05-dispatcher1apsoutheast2
Commonwealth_Bank_of_Australia_-_Digital#cba-digital-prod65-01-authordispatcher1apsoutheast2
Commonwealth_Bank_of_Australia_-_Digital#cba-digital-prod65-01-dispatcher1apsoutheast2
Commonwealth_Bank_of_Australia_-_Wealth_Management#cba-wealth-prod65-01-dispatcher1apsoutheast2
Commonwealth_Securities_Limited#commsec-prod-65-authordispatcher1apsoutheast2
Commonwealth_Securities_Limited#commsec-prod-65-dispatcher1apsoutheast2
Constellation_NewEnergy#constneweng65-prod-dispatcher1useast1
Coty,_Inc#coty-prod65EUCa-dispatcher1eucentral1
County_of_Los_Angeles_DPSS_(Enterprise)#dpsslacounty-prod-dispatcher1uswest1
Creditsafe_Business_Solutions_Limited#creditsafe-prod65-dispatcher1euwest2-28244353
Cultura#cultura-65-prod-dispatcher1eucentral1
DFS_Corporate_Services,_LLC#dfs-cs-prod65b-dispatcher1useast1
DFS_Corporate_Services,_LLC#dfs-cs-prod65b-dispatcher1uswest1
DFS_Corporate_Services_(Assets)#dfs-assets-prod65a-dispatcher1useast1
DHS_Immigration_and_Customs_Enforcement_(ICE)#dhs-ice-prod65-dispatcher1usgovwest1
DHS_OHA_Office_of_Information_(Enterprise)#dhs-oha-prod-dispatcher1usgovwest1
DNB_Bank_ASA#dnb-prod65-dispatcher1eucentral1
DNB_Bank_ASA#dnb-prod65-dispatcher1euwest1
Daimler_Greater_China#Daimler-Prod65-04-dispatcher1cnnorth1
Danone#Danone-Prod64-China-dispatcher1cnnorth1
Danone#danone-prod-64-b62-s3-dispatcher1apsoutheast1
Danone#danone-prod-64-b62-s3-dispatcher1eucentral1
Danone#danone-prod65-dispatcher1cnnorth1
David's_Bridal#davidbridal-prod65-dispatcher1useast1
Defense_Security_Service#dss-prod65b-dispatcher1usgovwest1
Delta_Dental_Plans_Association#deltadental-aem65-prod-dispatcher1useast1
Delta_Dental_of_California#deltadentaca-aem65-prod-dispatcher1uswest1
Deluxe_Corporation#deluxe-65-preprod-dispatcher1useast1
Deluxe_Corporation#deluxe-65-prod-dispatcher1useast1
Department_of_Transportation_and_Main_Roads#translink-prod-65-01-dispatcher1apsoutheast2
Digital_Federal_Credit_Union#dcu-prod-65-dispatcher1useast1
DirecTV_Latin_America,_LLC#directtvlatam-aem65-prod-2-dispatcher1useast1
Dish_OnTech#dishontech-prod-dispatcher1uswest2
Dish_Purchasing_Corporation#dish-prod-65a-dispatcher1useast1
Dish_Purchasing_Corporation#dish-prod-65a-dispatcher1uswest1
Dish_Wholesale_Wireless#dishwholesale-prod-dispatcher1uswest2
Dollar_General_Corporation#dollar-gen-prod65-dispatcher1eastus2
Dunkin_Brands#dunkin-brands-65-prod-dispatcher1useast1
Dyson#dyson-preprod65-dispatcher1euwest1
Dyson#dyson-prod65-dispatcher1euwest1
EDU_Hub_(Adobe)#eduhub-prod65-dispatcher1useast1
EDU_Hub_(Adobe)#eduhub-prod65-dispatcher1uswest1
ET_Discover#et-discover-prod-dispatcher1eucentral1
EY_BMC_Enterprise_DAM#bmc-dam-prod2-dispatcher1eucentral1
EY_Global_Services_Limited#ey-preprod-65-dispatcher1useast1
EY_Global_Services_Limited#ey-prod-65-dispatcher1useast1
EY_Global_Services_Limited_(Assets)#ey-entdam-nonprod-2-dispatcher1useast1
EY_Global_Services_Limited_(Assets)#ey-entdam-prod2-dispatcher1useast1
EY_Global_Services_Limited_(US_Assets)#ey-us-atlas-prod-dispatcher1euwest1
Economic_Development_Board#edb-prod-dispatcher1apsoutheast1-28276607
Eicher_Motors_Limited#royalenfield-prod65-01-dispatcher1apsouth1
Eli_Lilly_and_Co#lilly-prod-dispatcher1useast1
Eli_Lilly_and_Co#lilly-prod-dispatcher1uswest1
Emblemhealth_Services_Company#emblemhealth-65-prod-dispatcher1useast1
Epiroc#epiroc-prod65-dispatcher1eucentral1
Ergon_Energy_Retail#ergonenergy-prod65-dispatcher1apsoutheast2
Estee_Lauder#esteelauder-b70a-prod-dispatcher1apsoutheast1
Estee_Lauder#esteelauder-b70a-prod-dispatcher1useast1
Etihad_Group#etihad-preprod65c-dispatcher1apsoutheast1
Etihad_Group#etihad-preprod65c-dispatcher1eucentral1
Etihad_Group#etihadgroup-prod65c-dispatcher1apsoutheast1
Etihad_Group#etihadgroup-prod65c-dispatcher1eucentral1
Europ_Assistance_(Enterprise)#europassistancena-prod-75a-dispatcher1uswest2
Expedia_GCO#expedia-gco-prod-65-dispatcher1uswest2
Experian#experian-B70-production-dispatcher1useast1
Export_Development_Canada#edc-prod-aem65-authordispatcher1cacentral1
Export_Development_Canada#edc-prod-aem65-dispatcher1cacentral1
Express_(AEM)#express-prod64-a-dispatcher1useast1
Express_(AEM)#express-prod65-e-dispatcher1useast1
F5_Networks_Inc#f5networks-prod65-dispatcher1uswest2
FDIC#fdic-prod-65-dispatcher1usgovwest1
FIL_Investment_Management_(Enterprise)#fil-prod65-es-dispatcher1cacentral1
FSS_Trustee_Corporation#first-state-super-prod65-01-dispatcher1apsoutheast2
Far_Eastone_Telecommunications_Co.#fet-prod65-02-dispatcher1apnortheast1
Farm_Credit_Canada#fcc-prod-65-dispatcher1useast1
Farmers_Group_Inc.#farmersgroup65-prod-01-dispatcher1-preview
Farmers_Group_Inc.#farmersgroup65-prod-01-dispatcher1uswest1
Fatco_Holdings#fatco-prod65e-01-dispatcher1useast1
Federal_Mogul_Motorsports#FederalMogul-Prod-65A-dispatcher1useast1
Fiat_Chrysler_Brazil#fcab-prod-fiat-65-dispatcher1saeast1
Fiat_Chrysler_Italy_S.p.A_(Brands)#fca-italy-brands-prod-65-dispatcher1eucentral1
Fiat_Chrysler_Italy_S.p.A_(Dealers)#fca-dealer-prod65-dispatcher1eucentral1
Fiat_Chrysler_Italy_S.p.A_(Mopar)#fca-mopar-production-65-dispatcher1eucentral1
Fiat_Chrysler_US_(Brands)#stellantis-us-prod-65-brands-b-dispatcher1useast1
Fiat_Chrysler_US_(Brands)#stellantis-us-prod-65-brands-b-dispatcher1uswest1
Fiat_Chrysler_US_(Mopar)#stellantis-us-prod-65-mopar-b-dispatcher1useast1
Fidelity_Brokerage_Services_LLC#fidelity-brokerage-prod65-dispatcher1useast1
Fidelity_Brokerage_Services_LLC#fidelity-brokerage-prod65-dispatcher1uswest2
Fidelity_Stock_Plan_Services#fsps-prod65e-01-dispatcher1useast1
Fifth_Third_Bank#ftbank-prod65-2020oct18-dispatcher1useast1
First_Citizens_Bank#fcb-b70-prod-dispatcher1useast1
First_Financial_Bank#firstfinancial-prod65-dispatcher1useast1
Fitbit#fitbit-b75e-01a-prod-dispatcher1uswest1
Fleetcor_Technologies_(Enterprise)#fleetcor-prod65-dispatcher1useast1
Florida_Power_and_Light_Co#floridapl-prod-65e-01-dispatcher1useast1
Fluke_Electronics_Corporation#fluke-prod-65-dispatcher1useast1
Follett_Corp#follett-65-preprod-dispatcher1useast1
Follett_Corp#follett-65-prod-dispatcher1useast1
Fonterra_Co-operative_Group_Limited#fonterra-prod65-01-dispatcher1apsoutheast2
Ford_Motor_Corporate#fordcorp-prod-65-a-dispatcher1useast1
Fortinet_Inc#fortinet-prod-ent-dispatcher1uswest1
Fox_Rent-A-Car#foxrentacar-prod-65-dispatcher1uswest1
Fresenius_Medical_Care_Holdings#fmcholdings-prod65a-dispatcher1useast1
Fresenius_Medical_Care_Holdings_Intranet#fresenius-intranet-prod-b75-dispatcher1useast1
Furniture_Row_LLC#furniturerow-prod-dispatcher1uswest1
General_Growth_Properties#ggp-prod65a-dispatcher1uswest2
Girl_Scouts#girlscouts-prod65-1-dispatcher1useast1
GlaxoSmithKline_LLC#gsk-prod-dispatcher1eastus2
GlaxoSmithKline_LLC#gsk-prod-dispatcher1eastus2-cm-1
Goodyear_Dunlop_Tires#goodyear-prod65plus1-dispatcher1eucentral1
Great_Wolf_Resorts_Inc_(Enterprise)#greatwolfprod-65-b-dispatcher1eastus2
Green_Dot_Corporation#greendot-prod65-dispatcher1useast1
Groupe_Lucien_Barriere#groupelucienbarriere-prod65-dispatcher1eucentral1
Grundfos_Holding_AS#grundfos-prod-65-dispatcher1westeurope
Grupo_Nacional_Provincial#grupo-B70-production-dispatcher1uswest1
Guardian_Industries_Holdings#guardianglass-prod-dispatcher1eucentral1
H.E.S.T._Australia_Ltd._(Enterprise)#hesta-ent-production-65-dispatcher1apsoutheast2
HDFC_Bank_Ltd#hdfc-prod-dispatcher1apsouth1
HDFC_Bank_Ltd_(Sites)#hdfcsites-prod-dispatcher1apsouth1-27851836
HDFC_Life_Insurance_Company#hdfclife-prod-dispatcher1apsouth1
HP_Japan_Inc.#hp-jp-prod-65-dispatcher1apnortheast1
HRB_Tax_Group#hrb-b70-prod1a-dispatcher1centralus
HSBC_CMB_(Hong_Kong)_Limited#hsbc-cmbdbbhk-preprod-dispatcher1apeast1
HSBC_CMB_(Hong_Kong)_Limited#hsbc-cmbdbbhk-prod-dispatcher1apeast1
HSBC_Global_Services_(Hong_Kong)_Limited#hsbc-oss-prod-dispatcher1apeast1
HSBC_Global_Services_(UK)_Limited_(APAC)#hsbc-dxp-apac-prod-dispatcher1apeast1preview
HSBC_Global_Services_(UK)_Limited_(EMEA)#hsbc-dxp-eu-production-dispatcher1euwest2-preview
HSBC_Global_Services_(UK)_Limited_(Global)#hsbc-dxp-global-prod-dispatcher1euwest1
HSBC_Global_Services_(UK)_Limited_(Global)#hsbc-dxp-global-prod-dispatcher1euwest2
HSBC_Global_Services_(UK)_Limited_(US)#hsbc-dxp-na-production-05-dispatcher1useast1preview
HSBC_Global_Services_(UK)_Limited_(eLearning)#hsbc-elearning-prod-dispatcher1euwest2
HSBC_Global_Services_(UK)_Ltd_(Assets)#hsbc-assets-prod-65-dispatcher1euwest2
HSBC_Private_Banking#hsbc-pbpws-prod-dispatcher1euwest2
HSBC_Ventures#hsbc-ven-prod-dispatcher1euwest1
HSF_Affiliates_LLC#hsf-prod65a-dispatcher1uswest1
Halliburton_Energy_Services_(Redesign)#halliburton-energy-prod-65-dispatcher1uswest1
Hamamatsu_Photonics#hamamatsu-prod65-dispatcher1apnortheast1
Hapag_Lloyd_AG#HapagLloyd-Prod65-dispatcher1westeurope
Harley_Davidson_(HD.com)#harley-prod-65-dispatcher1useast1-28275412
Harley_Davidson_(HD.net)#harley-extranet-prod-65b-dispatcher1useast1
Haworth,_Inc.#haworth-prod65-dispatcher1useast1
Hazelden_Betty_Ford_Foundation#hbff-prod-dispatcher1centralus
Health_Care_Service_Corporation#hcsc-b75-prod1a-dispatcher1eastus2
Heathrow_Airport_Limited_(Enterprise)#heathrow-es-prod-dispatcher1euwest2
Helsana_Versicherungen_AG#helsana65sn-prod-dispatcher1switzerlandnorth
Henkel_AG_and_Co_KGAA#henkel-prod-65a-dispatcher1eucentral1
Herbalife_International_of_America#herbalife-prod65c-dispatcher10westus
Herbalife_International_of_America#herbalife-prod65c-dispatcher1westus
Hershey#hersheys-prod-65-dispatcher1useast1
Hertz#hertz-prod-65e-01-dispatcher1eastus2-28276406
Hewlett_Packard_Enterprise_(ASF20)_(H1)#hpe-prod-65-dispatcher1eastus2
Hewlett_Packard_Enterprise_(ASF20)_(H1)#hpe-prod-65-dispatcher1westus2
Hewlett_Packard_Inc_(Assets)_(Enterprise)#hp-assets-prod-65-dispatcher1westus2
Hewlett_Packard_Inc_(Sites)_(Enterprise)#hp-sites-prod-65-dispatcher1eastus2
Hewlett_Packard_Inc_(Sites)_(Enterprise)#hp-sites-prod-65-dispatcher1westus2
Hilti#hilti-65-prod-dispatcher1eucentral1
Hitachi_Construction_Machinery#hcm-prod-1-dispatcher1apnortheast1
Holland_America_Line_N.V.#holland-america-prod-01-dispatcher1useast1
Holland_America_Line_N.V.#holland-america-prod65-dispatcher1useast1
Holland_America_Line_N.V.#holland-america-prod65-dispatcher1useast1-preview
Honeywell#honeywell-prod4-dispatcher1-65-useast1
Honeywell_Assets#honeywell-edam-prod-dispatcher1useast1
Housing_Development_Finance_Corp#housingdevelopment-prod-dispatcher1apsouth1
Hugo_Boss_AG#hugoboss-prod65-dispatcher1westeurope
Humana_IT_Department#humana-it-prod-65-dispatcher1eastus2
Hutchison_3G_UK_Ltd_(Three)#three-prod-65-dispatcher1westeurope
Hyundai_Capital_America#hyundaicapitalamerica-prod-65b-dispatcher1uswest1
Hyundai_Motor_Brasil#hmb-sites-prod-02-dispatcher1saeast1
Hyundai_Motor_de_México#hyundai-mexico-prod-dispatcher1uswest1
ICEX_Espana_Exportacion_e_Inversiones#icex-bl75-prod-dispatcher1francecentral
IDFC_First_Bank_Limited#idfc-production-65-dispatcher1apsouth1
IEEE#ieee-prod-65a-dispatcher1useast1
IMF#imf-prod65c-dispatcher1useast1
ITC_Limited#itchotels-prod-65e-dispatcher1apsouth1
Ideal_Industries_Inc#idealindustries-prod1-dispatcher1useast1
Infineon_Technologies#infineon-site-prod-dispatcher1eucentral1
Infineon_Technologies_Assets#infineon-assets-prod-dispatcher1eucentral1
Infineon_Technologies_China#infineon-cn-prod-dispatcher1cnnorth1
Infineon_Technologies_China#infineon-prod-cn-dispatcher1cnnorth1
Informa#informa-prod-65-dispatcher1euwest1
Informatica#informatica-prod-65-20191103-a-dispatcher1Auswest1
InformaticaDocs#informaticadocs-prod-65-0927A-dispatcher1uswest1
Infosys_Limited#infosys-prod-65-author-dispatcher1euwest1
Infosys_Limited#infosys-prod-65-dispatcher1euwest1
Infosys_Limited#infosys-prod-65-dispatcher1useast1
Ingredion#ingredion65prod-dispatcher1uswest1
Insurance_Australia_Limited#iag-prod-assets-01-dispatcher1apsoutheast2
Intact_Financial_Corp#intact-prod65-dispatcher1cacentral1-28283910
Intel_(Assets)#intel-b70-prod1-assets-dispatcher1uswest1
Intel_(Sites)#intel-b70-prod1-sites-dispatcher1uswest1
Intel_(Sites)#intel-b70-prod1-sites-preview-dispatcher1uswest1
Interglobe_Aviation#indigo-prod65-dispatcher1apsoutheast1
Interglobe_Aviation#preprod-skyplus6e-dispatcher1apsouth1
Interglobe_Aviation#prod-skyplus6e-dispatcher1apsouth1
International_Airlines_Group_GBS_(Assets)#iag-ba-prod-assets-dispatcher1euwest2
International_Airlines_Group_GBS_(Sites)#iag-ba-prod-dispatcher1euwest2
International_Civil_Aviation_Org#intcivilaviation-70-prod65-dispatcher1uswest2
International_Financial_Reporting_Standards_(IFRS)#ifrs-prod-65a-dispatcher1uksouth
Intersport_France#intersport-prod-65-dispatcher1eucentral1
Intuit,_Inc#intuit-assets-65-prod-dispatcher1uswest1
Invesco_Group_Services#invesco-prod65-dispatcher1euwest1
Investors_Group_Financial_Services#igfs-prod65-dispatcher1useast1
Invocare_Australia_Pty._Ltd.#invocare-prod65-02-dispatcher1australiaeast
Irvine_Company#irvinecompany-prod-20200219-dispatcher1uswest1
Italia_Trasporto_Aereo#itaspa-preprod-65-dispatcher1eucentral1
Italia_Trasporto_Aereo#itaspa-preprod-65-dispatcher1eucentral1-author
Italia_Trasporto_Aereo#itaspa-prod-65b-dispatcher1eucentral1
Italia_Trasporto_Aereo#itaspa-prod-65b-dispatcher1eucentral1-author
Itergo_Informationstechnologie_Gmbh#itergo-prod-65-01-dispatcher1eucentral1
J.P_Boden_Co_LTD#boden-prod65-dispatcher1euwest1
JB_Hunt_Transport_Inc#jbhunt-65-prod-dispatcher1centralus-28276741
JP_Morgan_Chase_(Assets_Mgmt)#jpmc-am-prod-65-dispatcher1useast1
JP_Morgan_Chase_(Commercial_banking_–_Policies_and_Procedures)#jpmcbankna-prod-65e-02-dispatcher1useast1
JP_Morgan_Chase_(Consumer_Community)#jpmc-docmgmt-b75-03-prod-dispatcher1useast1
JP_Morgan_Chase_(Core_Digital)#jpmc-cdbu-prod-65a-dispatcher1useast1
JP_Morgan_Chase_(Corporate_Technology)#jpmc-corptech-prod-2-2023-dispatcher1useast1
JP_Morgan_Chase_Bank_(DAM)#jpmc-dam-prod65-dispatcher1useast1
JP_Morgan_Chase_CIB#jpmc-cib-prod-dispatcher1useast1
JP_Morgan_UK#jpmc-prod-eu-65-1-dispatcher1euwest2
JR_East_View_Travel_Service#JRVTS-prod-65-dispatcher1apnortheast1
Jackson_National_Life_Insurance#jackson-prod-65-01-dispatcher1useast1
Jaguar_Land_Rover_Limited_(Sites)#jaguarlandrover-preprod-eu1-dispatcher1euwest1
Jaguar_Land_Rover_Limited_(Sites)#jaguarlandrover-preprod-eu1-dispatcher1euwest2
Jaguar_Land_Rover_Limited_(Sites)#jaguarlandrover-prod-eu1-dispatcher1euwest1
Jaguar_Land_Rover_Limited_(Sites)#jaguarlandrover-prod-eu1-dispatcher1euwest2
Japan_Tobacco_Inc#jt-prod65-dispatcher1apnortheast1
John_Hancock#jhins-65prod-publish-dispatcher1useast1
John_Hancock_Investments#jhinv-prod65-dispatcher1useast1
John_Hancock_Investments#jhinv-prod65-dispatcher1uswest2
John_Lewis_Plc_(Enterprise)#john-lewis-prod-65-dispatcher1euwest1
John_Lewis_Plc_(Enterprise)#john-lewis-prod-65-dispatcher1euwest1Author
John_Lewis_Plc_(Waitrose)#waitrose-prod65-dispatcher1euwest1
Jones_Lang_Lasalle#jll-prod65-dispatcher1useast1
KDDI#kddi-prod65d-dispatcher1apnortheast1
KDDI#kddi-prod65d-qanda-dispatcher1apnortheast1
KNAUF_Information_Services_Assets#knauf-asset-prod-dispatcher1eucentral1
KPMG#kpmg-prod65-dispatcher1useast1
Kaiser_Permanente_(Aspen)#kpa-prod-65e-03-dispatcher1westus2-28282658
Kaiser_Permanente_(Chestnut)#kpc-prod-65e-02-dispatcher1westus2-27194307
Kaiser_Permanente_(Chestnut)#kpc-prod-65e-02-dispatcher1westus2-28282687
Kaiser_Permanente_(Walnut)#kpo-prod-65e-01-dispatcher1eastus2-28282795
Kaiser_Permanente_(Walnut)#kpo-prod-65e-01-dispatcher1eastus2-28284577
Kaiser_Permanente_(Walnut)#kpo-prod-65e-01-dispatcher1westus2-28282795
Kaiser_Permanente_(Walnut)#kpo-prod-65e-01-dispatcher1westus2-28284577
Kaiser_Washington#kpwa-prod1-dispatcher1uswest2
Keybank_National_Association#keybank-prod-2-dispatcher1eastus2-28233525
Keysight_Technologies_Inc#keysight-b75-preprod1-dispatcher1uswest1
Keysight_Technologies_Inc#keysight-b75-prod-dispatcher1uswest1
Keysight_Technologies_Inc#keysightcn-preprod7-dispatcher1cnnorth1
Keysight_Technologies_Inc#keysightcn-prod1-dispatcher1cnnorth1
King_and_Wood_Mallesons#KWM-Prod-01-dispatcher1cnnorth1
King_and_Wood_Mallesons#KWM-Prod-05-dispatcher1apeast1
Kingspan_Holdings_(Enterprise)#kingspan-prod-dispatcher1northeurope
Klockner_Shared_Services_GMBH#klockner-prod-65-dispatcher1northeurope
Kohl's#kohls-prod-65-dispatcher1useast1
Kohler_Co#kohler-b70-prod-dispatcher1uswest2
Kone_Oyj_Global_Development#kone-prod65a-dispatcher1eucentral1
Kone_Oyj_Global_Development#kone-prod65a-dispatcher1eucentral1-1a
LH_Clinical_Development#lhcd-prod-dispatcher1useast1
LPL_Financial_(Enterprise)#lpl-prod65-dispatcher1uswest1
L_Brands_(AEM)#lbrands-prod-65a-dispatcher1useast1
Laboratory_Corporation_Of_America_Holdings#labcorp-prod-dispatcher1useast1
Langham_Hotels_International#lhs-prod2-dispatcher1apsoutheast1-28202629
Latam_Airlines_Group#latamxp-prod-dispatcher1useast1
Latam_Airlines_Group_S.A.#latam-b75-prod-dispatcher1brazilsouth
Levi_Strauss_Co#levis-prod64-2-dispatcher1apsoutheast1
Levi_Strauss_Co#levis-prod64-2-dispatcher1uswest1
Liberty_Mutual_Insurance_(GRM_Division)#lmic-grm-prod-dispatcher1useast1
Liberty_Mutual_Insurance_Company#libertymutual-prod-dispatcher1useast1
Life_Time_Fitness#lt-life-B70-PROD-dispatcher1useast1
Lloyds_Bank_Plc#lloydsbg-65preproduction-author-dispatcher1eucentral1
Lloyds_Bank_Plc#lloydsbg-65preproduction-author-dispatcher1euwest1
Lloyds_Bank_Plc#lloydsbg-65preproduction-dispatcher1eucentral1
Lloyds_Bank_Plc#lloydsbg-65preproduction-dispatcher1euwest1
Lloyds_Bank_Plc#lloydsbg-65preproduction-preview-dispatcher1euwest1
Lloyds_Bank_Plc#lloydsbg-production-65-author-dispatcher1eucentral1
Lloyds_Bank_Plc#lloydsbg-production-65-author-dispatcher1euwest1
Lloyds_Bank_Plc#lloydsbg-production-65-dispatcher1eucentral1
Lloyds_Bank_Plc#lloydsbg-production-65-dispatcher1euwest1
Lloyds_Bank_Plc#lloydsbg-production-65-preview-dispatcher1euwest1
Lloyds_Bank_Plc_(Assets)#lloydsbg-assets-prod-dispatcher1euwest2
Loblaw_Inc#loblaw-prod-0318a-dispatcher1canadacentral
Logitech_Europe_S.A.#logitech-prod-65b-dispatcher1uswest1-28263863
Logitech_Europe_S.A.#logitech-prod-65b-dispatcher1uswest1-28284017
Loterie_Nationale_SA_de_Droit_Public#LoterieNatProd65a-dispatcher1westeurope
Loyaltyone#loyaltyone-prod-2-dispatcher1useast1
Lundbeck#lundbeck-prod65a-dispatcher1useast1
MA_FRENCH_BANK#mfb-prod65-dispatcher1eucentral1
MCC_Management_Co#mccm-prod-dispatcher1apnortheast1
MG_Motor_India_Private_Limited#mgmotor-prod-65-dispatcher1apsouth1
MHCS#mhcs-assets-prod65-dispatcher1francecentral
MHCS#mhcs-assets-prod65-dispatcher1southeastasia
MHCS#mhcs-assets-prod65-dispatcher1westus
Major_League_Soccer_LLC#mls-prod-65a-dispatcher1uswest2
Malaysia_Airlines#ma-prod65-dispatcher1apsoutheast1
Managed_Services_Cloud_Manager#AMS-CM-Prod-dispatcher1eastus
Managed_Services_Instances#ajo-jan01-prod-dispatcher1uswest1
Managed_Services_Instances#allianz-newprod-dispatcher1eucentral1
Managed_Services_Instances#ams-vimaan-preprod-dispatcher1useast1
Managed_Services_Instances#ams-vimaan-prod-dispatcher1useast1
Managed_Services_Instances#atlascopco-prod65c-dispatcher1cnnorth1
Managed_Services_Instances#casio-china-prod-dispatcher1cnnorth1
Managed_Services_Instances#cedarssinai-es-prod-dispatcher1uswest1
Managed_Services_Instances#cm-dev-e2e-testing-prod-2-dispatcher1useast1
Managed_Services_Instances#cm-dev-e2e-testing-prod-2-dispatcher1useast1-cm-1
Managed_Services_Instances#cm-dev-e2e-testing-prod-bg-dispatcher1useast1-28139317
Managed_Services_Instances#cm-dev-e2e-testing-prod-bg-dispatcher1useast1-28281012
Managed_Services_Instances#cm-stage-e2e-testing-prod-2-dispatcher1useast1
Managed_Services_Instances#cm-stage-e2e-testing-prod-bg-dispatcher1useast1-28260071
Managed_Services_Instances#cm-stage-e2e-testing-prod-bg-dispatcher1useast1-28280858
Managed_Services_Instances#gnbrunswick-prod-vpn-test-dispatcher1useast1
Managed_Services_Instances#hcm-china-prod-1-dispatcher1cnnorth1
Managed_Services_Instances#hcm-china-prod-dispatcher1cnnorth1
Managed_Services_Instances#jaguarlandrover-assets-prod-dispatcher1euwest2
Managed_Services_Instances#ms-asi-cm-sp-prod-dispatcher1eastus2
Managed_Services_Instances#ms-cm-70-aws-kp-prod-1-dispatcher1uswest1-28191854
Managed_Services_Instances#ms-cm-70-aws-kp-prod-1-dispatcher1uswest2-28191854
Managed_Services_Instances#ms-cm-70-aws-kp-prod-2-dispatcher1uswest1-28271033
Managed_Services_Instances#ms-cm-70-aws-kp-prod-2-dispatcher1uswest1-preview
Managed_Services_Instances#ms-cm-70-aws-kp-prod-2-dispatcher1uswest2-28271033
Managed_Services_Instances#ms-cm-70-kp-prod2-dispatcher1eastus2-28266706
Managed_Services_Instances#ms-cm-70-kp-prod2-dispatcher1francecentral-28266706
Managed_Services_Instances#ms-cm-80-az-prod-2-dispatcher1uksouth-28263824
Managed_Services_Instances#ms-cm-80-az-prod-2-dispatcher1westus-28263824
Managed_Services_Instances#ms-cm-80-az-prod-2-dispatcher1westus-preview
Managed_Services_Instances#ms-cm-80-az-prodv2-dispatcher1westcentralus-28276668
Managed_Services_Instances#ms-cm-80-az-prodv2-dispatcher1westeurope-28276668
Managed_Services_Instances#ms-cm-80-az-prodv2-dispatcher1westeurope-preview
Managed_Services_Instances#ms-cm-az-kp70prod1-dispatcher1eastus2-28276739
Managed_Services_Instances#ms-cm-az-kp70prod1-dispatcher1francecentral-28276739
Managed_Services_Instances#ms-cm-b80-aws-prod-l-dispatcher1uswest1-28263822
Managed_Services_Instances#ms-cm-b80-aws-prod-l-dispatcher1uswest1-28276662
Managed_Services_Instances#ms-cm-b80-aws-prod-l-dispatcher1uswest1-preview
Managed_Services_Instances#ms-cm-b80-aws-prod-l-dispatcher1uswest2-28263822
Managed_Services_Instances#ms-cm-b80-aws-prod-l-dispatcher1uswest2-28276662
Managed_Services_Instances#ms-upgrade-aws-prod-dispatcher1useast1
Managed_Services_Instances#okamura-cn-prod-65-dispatcher1cnnorth1
Manufacturers_Life_Insurance_(APAC)#manulife-ap-preprod-65-01-dispatcher1apsoutheast1
Manufacturers_Life_Insurance_(APAC)#manulife-ap-prod-65-dispatcher1apsoutheast1
Manufacturers_Life_Insurance_(APAC)#manulife-ap-prod-65-dispatcher1apsoutheast1-preview
Manufacturers_Life_Insurance_(NA)#manulife-prod65-2019jun24-dispatcher1cacentral1
Manufacturers_and_Traders_Trust#mtbank-PROD-B70-dispatcher1useast1
Marriott_Intl._Administrative_Services,_Inc_(Assets)#Marriott-Assets-Prod-dispatcher1useast1
Marriott_Intl._Administrative_Services,_Inc_(China)#marriottcn-prod-2-dispatcher1cnnorth1
Marriott_Intl._Administrative_Services,_Inc_(Sites)#Marriott-Sites2-Prod-dispatcher1eucentral1
Marriott_Intl._Administrative_Services,_Inc_(Sites)#Marriott-Sites2-Prod-dispatcher1useast1
Marriott_Intl._Administrative_Services,_Inc_(Sites)#Marriott-Sites2-Prod-dispatcher1uswest2
Marsh_McLennan_Company#mmc-prod65-dispatcher1euwest1
Marsh_McLennan_Company#mmc-prod65-dispatcher1uswest1
Maryland_State_Department_of_Assessments_And_Taxation#mdsdat-prod-dispatcher1useast1
Maserati_S.P.A#maserati-65-prod-dispatcher1eucentral1
Max_Life_Insurance_Company#maxlife-prod65-dispatcher1apsouth1-28244902
Mayo_Clinic#mayo-prod-dispatcher1useast1-28281446
Mayo_Clinic#mayo-prod-dispatcher1uswest1-28281446
Mclaren_Automotive_Limited#mclaren-am-prod65-dispatcher1cnnorth1
Mclaren_Automotive_Limited#mclarenautomotive-prod65-dispatcher1euwest1
MediaMonks_-_Mondelez_(Sites)#mediamonks-b75-prod-dispatcher1euwest1
Meijer_Great_Lakes_Limited#meijer-prod-65-dispatcher1useast1
Meijer_Great_Lakes_Limited#meijer-prod-65-dispatcher1uswest1
MetLife_(Brighthouse_Financial)#brighthouse-prod-dispatcher1useast1
Metlife#metlife-prod-2019-dispatcher1apsoutheast1
Metlife#metlife-prod-2019-dispatcher1useast1
Metlife#metlife-prod-2019-dispatcher1useast1-peview
Metlife#mlcn-prod-2019-dispatcher1cnnorth1
Metrohm_AG#metrohm-prod65-dispatcher1eucentral1
Microchip_Technology_Inc#microchip-prod65e-dispatcher1westus
Micron_Corp#micron-corp-prod-dispatcher1uswest2
Micron_Corp_Assets#micron-dam-prod-dispatcher1uswest2
Micron_Technology_Inc.#micron-prod-cn-dispatcher1cnnorth1
Microsoft_(Assets)#msft-assets-prod-dispatcher1westus2
Microsoft_(Sites)#msft-sites-prod-s1-authordispatcher1westus2
Microsoft_(Sites)#msft-sites-prod-s1-dispatcher1eastus2
Microsoft_(Sites)#msft-sites-prod-s1-dispatcher1southeastasia
Microsoft_(Sites)#msft-sites-prod-s1-dispatcher1westeurope
Microsoft_(Sites)#msft-sites-prod-s1-dispatcher1westus2
Microstrategy_Inc.#microstrategy-prod65-dispatcher1useast1
Ministerio_Para_La_Transición_Ecológica#miteco-prod-dispatcher1westeurope
Mitsubishi_Motors_Australia_Limited#mitsubishi-au-prod65-01-dispatcher1apsoutheast2
Mondelez_Global_LLC#mondelez-65-prod-01-dispatcher1euwest1
Money_and_Pensions_Service_(Enterprise)#moneypensions-prod-dispatcher1uksouth
Morgan_Stanley_(Authenticated_Extranet)#morganstanleyae-65-proda-dispatcher1useast1
Morgan_Stanley_(Intranet)#morganstanleyintra-65-prod3-dispatcher1useast1
Morgan_Stanley_(MSIM)#morganstanleymsim-65-prod-dispatcher1useast1
Morgan_Stanley_(Public_Web)#morganstanleypw-65-prod-dispatcher1useast1
Motorola#motorola-65-prod-dispatcher1useast1
NSW_Department_of_Communities_and_Justice_(Enterprise)#nswdocj-prod-1-dispatcher1australiaeast
NSW_Department_of_Education#nswdoe-prod65-04-dispatcher1apsoutheast2
NTT_Docomo_Inc.#ntt-docomo-prod65-dispatcher1apnortheast1
NTT_Docomo_Inc.#ntt-docomo-prod65-dispatcher1apnortheast3
NV_Bekaert_SA#bekaert-prod-65-dispatcher1westeurope
NV_Toyota_Motor_Europe#tme-prod-dispatcher1westeurope
NV_Toyota_Motor_Europe#tme-prod-dispatcher1westeurope-author-dedicated
Nagase_America_Corporation#nagase-prod-75e-10-dispatcher1useast1
National_Aeronautics_and_Space_Administration_(NASA)#nasa-prod-dispatcher1usgovwest1
Natwest_Global_DAM#natwest-globaldam-prod-dispatcher1euwest1
Nedbank_Ltd_(Assets)_(Enterprise)#nedbankassetsprod-dispatcher1southafricanorth
Nedbank_Ltd_(Sites)_(Enterprise)#nedbank-prod-sites-dispatcher1southafricanorth
New_York_Life_Insurance_(Assets)#nyl-assets-prod-65-dispatcher1useast1
New_York_Life_Insurance_Company_(AEM)#nyl-sites-prod-65-dispatcher1useast1
New_York_Life_Insurance_Company_(AEM)#nyl-sites-prod-65-dispatcher1uswest2
New_York_Life_Insurance_Company_(Forms)#nyl-forms-prod-65-dispatcher1useast1
Nissan_Motor_Co#nissan-assets-prod-dispatcher1apnortheast1
Nordstrom#nordstrom-prod65b-dispatcher1westus2
NorthernTrust_Company#ntrs-b70-prod-dispatcher1northcentralus
NorthernTrust_Company#ntrs-b70-prod-dispatcher1northcentralus-uat
Nutanix_Inc#nutanix-prod65a-dispatcher1westus2
OPEL_Automobile_GMBH#opel-automobile-65-preprod-dispatcher1eucentral1
OPEL_Automobile_GMBH#opel-automobile-65-prod-dispatcher1eucentral1
Okamura_Corporation#okamura-prod-65-dispatcher1apnortheast1
Olam_Information_Services_Pvt_Ltd#olam-prod-65-dispatcher1southeastasia
Optus_(Screens)#optus-screens-prod65-02-dispatcher1apsoutheast2
Orangetheory_Fitness#orangetheory-prod-dispatcher1useast1
PGGM_NV#pggm-prod65-dispatcher1westeurope
PMI_(EMEA)#pmi-emea65-preprod1-dispatcher1eucentral1
PMI_(EMEA)#pmi-emea65-prod1-dispatcher1eucentral1-28281894
Pacific_Dental_Services#pacdental-prod-65e-01-dispatcher1uswest1
Pall_Corporation_(Enterprise)#pall-b75-prod65-dispatcher1useast1
Panduit_Corp#panduit-prod-65-dispatcher1useast1
Parker_Hannifin_Corporation#parker-hnfn-prod-dispatcher1eastus2
Parker_Hannifin_Corporation#parker-hnfn-prod-dispatcher1westus2
Pentair_Water_(Pentair)#pentair-prod-dispatcher1useast1
Philips_Healthtech#philips-65-prod-aem-dispatcher1cnnorth1
Plantronics#plantronics-prod-65-sites-dispatcher1uswest1
Plantronics_(Assets)#plantronics-prod-65-assets-dispatcher1uswest1
Playstation_Direct_EMEA#ps-direct-prod-dispatcher1uksouth
Prada_SpA#prada-prod-65e-01-dispatcher1eucentral1
Pricewaterhouse_Activations#pwc-actv-prod-dispatcher1westeurope
Pricewaterhouse_Coopers_Global_Corporation#pwc-glb-prod-dispatcher1eastus2
Pricewaterhouse_Coopers_LLP#pwc-falcon-prod65-dispatcher1useast1
Principal_Life_Insurance_Company#principal-prod-1-dispatcher1uswest1
Prudential_Distribution_Limited#pru-prod-65b-dispatcher1ukwest
Prudential_Distribution_Limited#pru-prod-65b-dispatcher1westeurope
Pure_Storage#purestorage-prod-20190801A-dispatcher1uswest1
Qantas_(Enterprise)#qantas-assets-prod65-03-dispatcher1apsoutheast2
Qualcomm_Inc#QualcommCN-prod-dispatcher1cnnorth1
Quest_Diagnostics_Incorporated#questdiag-b75-prod-dispatcher1eastus2
RAI_Services_Company#rai-sites-prod-dispatcher1useast1
RAI_Services_Company_(Assets)#rai-assets-prod-dispatcher1useast1
RBS_Assets#natwest-assets-production-dispatcher1euwest1
RBS_Sites#rbs-sites-prod-dispatcher10uksouth
RBS_Sites#rbs-sites-prod-dispatcher11uksouth
RBS_Sites#rbs-sites-prod-dispatcher12uksouth
RBS_Sites#rbs-sites-prod-dispatcher1uksouth
RLI_Insurance_Company#rli-prod65-dispatcher1auseast1
RMIT_University#rmit-preprod65-2-dispatcher1apsoutheast2
RMIT_University#rmit-prod65-01-dispatcher1apsoutheast2
Ralph_Lauren_SupLib#ralphlc65suplib-prod-dispatcher1useast1
Realogy_Services_Group_LLC#realogy-65-prod-dispatcher1useast1
Reed_Exhibitions#reedexhibitions-prod-65-dispatcher1euwest1
Renfe#renfe-prod-dispatcher1westeurope
Repsol_S.A.#repsol-prod65-dispatcher1northeurope
Retail_Business_Services_LLC_(Sites)#retail-prod-65-a-dispatcher1eastus2
Rite_Aid_Hdqtrs._Corp.#riteaid-prod-dispatcher1useast1
Robert_Wood_Johnson_Foundation#rwjf-aem65-prod-2-dispatcher1useast1
Roche_Europe_(New)#roche-cn-65-prod-dispatcher1cnnorth1
Roche_Europe_(New)#roche-eu-prod-65-dispatcher1euwest1
Rockwell_Automation_Inc.#rockwell-prod-01-dispatcher1eastus2
Rockwell_Automation_Inc.#rockwell-prod-01b-dispatcher1eastus2
Rosewood_Hotel_Group#rwhg-prod-01-dispatcher1useast1
Royal_Automobile_Club_of_Victoria_(Enterprise)#racv-prod65-01-dispatcher1apsoutheast2
Royal_Caribbean_Digital#rccl-prod-65a-dispatcher1useast1
Royal_Institution_of_Chartered_Surveyors_(RICS)#rics-prod-dispatcher1cnnorth1
Royal_Institution_of_Chartered_Surveyors_(RICS)#rics-prod21-dispatcher1euwest1
S&P_Global_Inc#spglobalcom-preprod-dispatcher1euwest1
S&P_Global_Inc#spglobalcom-preprod-dispatcher1useast1
S&P_Global_Inc#spglobalcom-prod-dispatcher1euwest1
S&P_Global_Inc#spglobalcom-prod-dispatcher1useast1
S&P_Global_Inc#spglobalcom-prod-dispatcher1useast1-preview
SEAT_S.A.#seat-65-prod-1-dispatcher1eucentral1
STMicroelectronics_International_N.V.#stmicro-preprod65-dispatcher1cnnorth1
STMicroelectronics_International_N.V.#stmicro-preproduction65-dispatcher1apnortheast1
STMicroelectronics_International_N.V.#stmicro-preproduction65-dispatcher1euwest1
STMicroelectronics_International_N.V.#stmicro-preproduction65-dispatcher1uswest1
STMicroelectronics_International_N.V.#stmicro-prod65-dispatcher1cnnorth1
STMicroelectronics_International_N.V.#stmicro-production65-dispatcher1apnortheast1
STMicroelectronics_International_N.V.#stmicro-production65-dispatcher1euwest1
STMicroelectronics_International_N.V.#stmicro-production65-dispatcher1uswest1
Safeway#safeway-65-prod-dispatcher1-blue-preview
Safeway#safeway-65-prod-dispatcher1-blue-west
Safeway#safeway-65-prod-dispatcher1-green-preview
Safeway#safeway-65-prod-dispatcher1-green-west
Safeway_(Assets)#safeway-dam-prod-dispatcher1westus2
Sallie_Mae#salliemae-65-prod1-dispatcher1useast1-28255229
Sallie_Mae#salliemae-65-prod1-dispatcher1uswest2-28255229
Santander_UK#santander-uk-assets-prod-1-dispatcher1euwest2
Save_The_Children_Federation#savethechildren-65preprod-dispatcher1euwest1
Save_The_Children_Federation#savethechildren-65preprod-dispatcher1useast1
Save_The_Children_Federation#savethechildren-prod-65-dispatcher1euwest1
Save_The_Children_Federation#savethechildren-prod-65-dispatcher1useast1
Schwarz_IT_KG#schwarz-prod-dispatcher1germanywestcentral
Sealed_Air_Corporation_(Enterprise)#sealedaircorp-prod-dispatcher1eastus
Sephora#sephora-prod65a-dispatcher1uswest1
ServiceNow#servicenow-prod-65a-dispatcher1uswest1
ServiceNow_Assets#servicenow-assets-prod-dispatcher1uswest1
Service_New_Brunswick#gnbrunswick-prod65-dispatcher1cacentral1
Services_Australia#sa-preprod-65-dispatcher1apsoutheast2
Services_Australia#sa-prod-65-dispatcher1apsoutheast2
Severn_Trent_Water_ASec#severntrentwater-preprod65f-dispatcher1euwest1
Severn_Trent_Water_ASec#severntrentwater-prod65c-dispatcher1euwest1
Shell_Information_Technology_(Forms)#Shell-Forms-Prod65-dispatcher1northeurope
Shell_Information_Technology_(Sites)#Shell-Production-dispatcher1northeurope
Shionogi_Co._Ltd.#shionogi-prod-dispatcher1apnortheast1
Silicon_Laboratories_Inc#silabs-prod65-1-dispatcher1useast1
Sirius_XM_Radio,_Inc.#siriusxm-prod65a-dispatcher1useast1
Skoda_Auto_(Assets)#skoda-prod-assets-dispatcher1northeurope
Sling_TV#slingtv-b75-prod-dispatcher1useast1
Societe_Cooperative_Groupements#galec-prod-65c-dispatcher1westeurope
Solidigm_Technology#solidigm-prod-dispatcher1westus2
Solidigm_Technology#solidigmcn-prod-dispatcher1cnnorth1
Sony_Corporation_of_America#sony-prod-65-dispatcher1useast1
Sony_Interactive_Entertainment#sony-ie-prod65-dispatcher1westus2
Sony_PlaystationDotCom#sonypdc-prod65c-PREVIEW-dispatcher1euwest2
Sony_PlaystationDotCom#sonypdc-prod65c-dispatcher13euwest2
Sony_PlaystationDotCom#sonypdc-prod65c-dispatcher1apnortheast1
Sony_PlaystationDotCom#sonypdc-prod65c-dispatcher1euwest2
Sony_PlaystationDotCom#sonypdc-prod65c-dispatcher1uswest1
Southwest_Airlines#southwest-prod-2-dispatcher1uswest1
Southwest_Airlines#southwest-prod-aem65a-dispatcher1uswest1
Spar_Business_Service_GMBH_(Sites_Internet)#spar-prod65-dispatcher1westeurope
Sprint#sprint-prod-65i-dispatcher10useast1
Sprint#sprint-prod-65i-dispatcher11useast1
Sprint#sprint-prod-65i-dispatcher12useast1
Sprint#sprint-prod-65i-dispatcher1useast1
St._Jude_Children's_Research_Hospital#StJudeHospital65-Prod-dispatcher1useast1
Starbucks#starbucks-prod-dispatcher1westus
State_Farm_Mutual#statefarm-sites-prod-b75-dispatcher1useast1
State_Farm_Mutual#statefarm-sites-prod-b75-dispatcher1uswest2
State_Of_Wa_DSHS_Child_Support_Division#dshs-prod-b75a-dispatcher1usgovwest1
State_of_CA_Automated_Consortium#calaces65-3-prod-dispatcher1uswest1
State_of_CA_Automated_Consortium#calaces65-3-prod-dispatcher1uswest2
State_of_California_Department_of_Child_Support_Services_(DCSS)#dc-ssca-prod-dispatcher1usgovwest1
State_of_California_Department_of_General_Services(DGS)#dgs-prod-dispatcher1usgovwest1
State_of_California_Office_of_Systems_Integration#osi-production-dispatcher1uswest2
State_of_Illinois_DOIT#soi-doit-prod-dispatcher1usgovwest1
State_of_Oklahoma_OMES#omes-prod-b75-dispatcher1useast1
State_of_Tennessee_Comptroller#tncot-prod-65c-dispatcher1eastus2
State_of_Washington_Health_Benefit_Exchange#wahbe-prod-65-dispatcher1usgovwest1
Sterling_Jewelers_Inc#signet-65b-prod1-dispatcher1useast1
Stewart#stewart-prod-65-dispatcher1uswest1
Stryker_Corporation#stryker-prod65-dispatcher1useast1
Sumitomo_Mitsui_Card#smcc-prod-1-dispatcher1apnortheast1
Swinburne_University_of_Technology#swinburne-prod-65-02-dispatcher1apsoutheast2
Synopsys_Inc_(Enterprise)#synopsys-prod-65a-dispatcher1uswest1
T-Mobile_TMUS#tmus-prod-01-PREVIEW-dispatcher1uswest2
T-Mobile_TMUS#tmus-prod-01-dispatcher1useast1
T-Mobile_TMUS#tmus-prod-01-dispatcher1uswest2
T-Mobile_USA_Inc.#tmobile-prod-dispatcher1uswest2
T-Mobile_for_Business#tfb-prod-01-dispatcher1uswest2
T._Rowe_Price_(Sites)#troweprice-prod-65-dispatcher1euwest1
T._Rowe_Price_(Sites)#troweprice-prod-65-dispatcher1useast1
TLC_Relationship_Management_Pvt_Ltd#tlcgroup-prod-65e-001-dispatcher1apsoutheast1-28282752
TSB_Bank_PLC#tsb-bank-preprod-dispatcher1uksouth
TSB_Bank_PLC#tsb-bank-prod-dispatcher1uksouth
Taisho_Pharmaceutical_Holdings_Co#taisho-prod65-2-dispatcher1apnortheast1
Taj_Hotel_Group#taj-prod65a-dispatcher1apsoutheast1
Tarrant_County#tarrantcounty-prod65-dispatcher1useast1
Tata_AIA_Life_Insurance_Company_Limited#talic-prod65-dispatcher1westindia-28282549
Tata_Digital_Limited#tatadigital-pre-prod-65b-dispatcher1apsouth1
Tata_Digital_Limited#tatadigital-prod-65b-dispatcher1apsouth1
Tata_Digital_Limited#tatadigital-prod-65b-preview-dispatcher1apsouth1
Tata_Motors#tatamotors-prod-dispatcher1apsouth1
Tata_Passenger_Electric_Mobility_Limited#tatapassenger-prod-dispatcher1apsouth1
Tata_Sia_Airlines_Limited#vistara-pre-production-dispatcher1apsoutheast1
Tata_Sia_Airlines_Limited#vistara-prod-65e-02-dispatcher1apsoutheast1
Taylors_University#taylors-prod-65-dispatcher1apsoutheast1
Teachers_Insurance_and_Annuity_Association_of_America#tiaa-prods-dispatcher1useast1
Teachers_Insurance_and_Annuity_Association_of_America#tiaa-prods-dispatcher1uswest2
Teachers_Insurance_and_Annuity_Association_of_America_Assets#tiaa-assets-prod-dispatcher1uswest2
Teamviewer_GmbH#teamviewer-preprod-dispatcher1eastus2
Teamviewer_GmbH#teamviewer-preprod-dispatcher1germanywestcentral
Teamviewer_GmbH#teamviewer-prod65-dispatcher1eastus2
Teamviewer_GmbH#teamviewer-prod65-dispatcher1germanywestcentral
Teladoc_Health_Inc#teladoc-prod-dispatcher1useast1
The_Bank_of_New_York_Mellon#bny-mellon-es-prod-dispatcher1useast1
The_Bank_of_New_York_Mellon#bny-mellon-prod-dispatcher1useast1
The_Bank_of_New_York_Mellon_Investment#bnym-inv-prod-dispatcher1useast1
The_Bank_of_Nova_Scotia_(Enterprise)#scotiaweb-prod-dispatcher1canadacentral
The_Boeing_Company#boeing-production2-dispatcher1uswest1
The_Dun_and_Bradstreet_Inc.#dbradstreet2-prod-dispatcher1useast1
The_Flinders_University_of_South_Australia#flinders-prod65-02-dispatcher1apsoutheast2
The_Gates_Corporation#gates-aem-prod-dispatcher1uswest1
The_Great_Eastern_Life_Assurance#greateastern-prod-01-dispatcher1apsoutheast1
The_Hospitals_Contribution_Fund_of_Australia_Ltd#hcf-prod65-06-dispatcher1apsoutheast2
The_Nature_Conservancy#nature-prod-65-dispatcher1useast1
The_Port_Authority_of_New_York_and_New_Jersey#panynj-prod-65-dispatcher1eastus2
The_Raymond_Corporation#raymond-prod-dispatcher1useast1
The_Reinalt_Thomas_Corp.#discountTire-prod-dispatcher1uswest1
The_University_of_Nottingham#uon-prod65-dispatcher1euwest2
The_University_of_Nottingham#uon-prod65cna-dispatcher1cnnorth1
The_University_of_Queensland#uq-prod-01-dispatcher1apsoutheast2
The_Vail_Corporation#vail-b75-prod-dispatcher1westus2
Thomson_Reuters_(Markets)_LLC#lseg-prod-65-dispatcher1eucentral1
Thomson_Reuters_(Markets)_LLC#lseg-prod-65-dispatcher1euwest2
Tivo_Corporation_(Enterprise)#tivo-b70-ent-prod-dispatcher1uswest1
Toppan_Printing_Co_Ltd#toppan-prod65-dispatcher1apnortheast1
Toronto_Dominion_Bank_(Assets)#tdbank-prod-65-dispatcher1canadacentral
Toronto_Dominion_Bank_(Sites)#tdbank-sites-prod-dispatcher1canadacentral
Toronto_Dominion_Bank_(Sites)#tdbank-sites-prod-dispatcher1canadacentral-preview
Tory_Burch#toryburch-65prod1-dispatcher1useast1
Tourism_Australia#ta-cn-prod-65-09-dispatcher1cnnorth1
Tourism_Australia_Global#ta-prod-01-dispatcher1apsoutheast2
Tourism_and_Events_Queensland_(Enterprise)#teq-prod-01-dispatcher1apsoutheast2
Toyota_(DSS)#toyota-dss-prod1-dispatcher1uswest1
Toyota_Assets#toyota-assets-b75-prod-dispatcher1uswest1
Toyota_Canada_Inc#tci-sites-65-prod-dispatcher1useast1
Toyota_Motor_North_America_(ES)#tmna-prod-dispatcher1useast1
Toyota_Motor_North_America_(ES)#tmna-prod-dispatcher1uswest2
Toyota_Motors_North_America_(Asset)#tmna-assets-prod2-dispatcher1useast1
Tracfone_Wireless,_Inc#tracfone65-prod-dispatcher1useast1
Tractor_Supply_Company#tractor-sc-prod-dispatcher1eastus2
Transportation_Security_Administration#tsa-prod-75-dispatcher1usgovwest1
UHG_Forms_Fedramp#uhg9-prod-dispatcher1usgovwest1
UHG_Provider_Front_Door#uhg1-prod-dispatcher1centralus-28252505
UHG_Provider_Front_Door#uhg1-prod-dispatcher1eastus2-28252505
UHG_Redwood#uhg3-prod-dispatcher1centralus-28275397
UHG_Redwood#uhg3-prod-dispatcher1centralus-preview
UHG_Redwood#uhg3-prod-dispatcher1eastus2-28275397
UHG_Saguaro#uhg6-prod-dispatcher1centralus-28277235
UHG_Saguaro#uhg6-prod-dispatcher1centralus-preview
UHG_Saguaro#uhg6-prod-dispatcher1eastus2-28277235
UHG_Voyageur#uhg2-prod-dispatcher1centralus-28277003
UHG_Voyageur#uhg2-prod-dispatcher1centralus-preview
UHG_Voyageur#uhg2-prod-dispatcher1eastus2-28277003
UHG_Zion#uhg4-prod-dispatcher1centralus-28276065
UHG_Zion#uhg4-prod-dispatcher1centralus-preview
UHG_Zion#uhg4-prod-dispatcher1eastus2-28276065
UNC_Health_Care_System#unc-prod-dispatcher1useast1
USTA#usta-prod-65-dispatcher1useast1
US_Department_of_Veterans_Affairs#usva-prod-forms-dispatcher1usgovwest1
US_Gypsum#usg-prod-65-20191107-d-dispatcher1useast1
US_Patent_and_Trademark_Office#uspto-prod-dispatcher1usgovwest1
Ultratech_Cement_Limited#adityabirla-prod-65e-01-dispatcher1apsouth1-28214219
Unicaja_Banco_SA#unicaja-prod-65-dispatcher1northeurope
Unilever_NV#unilever-ufs-prod65-s3-dispatcher1euwest1
University_of_Delaware#udel-b70-prod-dispatcher1useast1
University_of_Michigan#umich-prod-dispatcher1useast1
University_of_New_South_Wales#unsw-prod-65-dispatcher1apsoutheast2
University_of_Phoenix_New#uop-prod2-dispatcher1uswest1
University_of_Sydney#uos-prod65-01-dispatcher1apsoutheast2
VFC#vfc-vans-prod65-dispatcher1useast1
VFC#vfc-vans-prod65-dispatcher1useast1-2-0-config
VFC_DAM#vfc-dam-prod-v65-dispatcher1useast1
VHI_Group_Services#vhi-prod-dispatcher1euwest1
Velocity_Frequent_Flyer#velocity-prod65-01-dispatcher1apsoutheast2
ViaSat_Inc.#ViaSatProd-63-dispatcher1useast1
Victory_Capital_Mgmt_Inc#vcm-prod-aem65-1-dispatcher1useast1
Vietnam_Technological_and_Commercial_Joint_Stock_Bank#techcombank-prod65-dispatcher1apsoutheast1
Virgin_Australia_Airlines_Pty._Ltd#vaa-prod-01-dispatcher1apsoutheast2
Virtusa_Corp_(Enterprise)_#virtusa-prod1-dispatcher1eastus2
Volkswagen_(CSO)#VW-FA-DAM-PROD65-dispatcher1eucentral1
Volkswagen_AG#vw-prod65-dispatcher1eucentral1
Volvo_Trucks#volvo-prod-65-dispatcher11euwest1
Vonage_Holdings_Corp#VonageHoldingsCorp-Prod65-1-dispatcher1useast1
Vorwerk_Co._KG#vorwerk-prodblack65plus-dispatcher1eucentral1
W.L._Gore_and_Associates,_Inc.#wlgore-aws-prod65a-dispatcher1useast1-27800606
W._W._Grainger,_Inc.#grainger-prod65-dispatcher1useast1
WIENERBERGER_AG#wienerberger-prod-65-dispatcher1eucentral1
WMATA#wmata-prod-dispatcher1eastus2
Walgreens_(Assets)#wba-assets-prod65-dispatcher1-author
Walgreens_(Assets)#wba-assets-prod65-dispatcher1eastus2
Walgreens_(Sites)#wbasites-prod65-dispatcher1eastus2
Walmart_Inc.#Walmart-DAM-Prod-dispatcher1westus2
Washington_State_Department_of_Health#wadoh-prod-65-dispatcher1uswest2
We.Retail_Global#weretail-global-b75-prod-dispatcher1uswest2-28282570
We.Retail_Global#weretail-global-svc-pack-prod-dispatcher1useast1
Wegmans_Food_Markets#wgm-assets-prod-dispatcher1eastus
Western_Sydney_University#wsu-prod-65-dispatcher1apsoutheast2
Westjet,_An_Alberta_Partnership#westjet-prod-dispatcher1cacentral1
Westjet,_An_Alberta_Partnership#westjet-prod-dispatcher1uswest1
Westpac_Banking_Corporation#westpac-prod-65-01-dispatcher1apsoutheast2
Whirlpool_Corp#whirlpool-65-prod1-dispatcher1useast1
Wipro_Limited#wipro-prod65-01-dispatcher1useast1
Woolworths_Group#woolworthsgroup-prod65-dispatcher1apsoutheast2
Woolworths_Ltd#woolworths-services-prod65-dispatcher1apsoutheast2
Workday#workdayinc-aem65-prod-author-dispatcher1uswest1
Workday#workdayinc-aem65-prod-dispatcher1uswest1
World_Bank#worldbank-B75-prod-comm-dispatcher1useast1
World_Bank#worldbank-B75-prod-sites-dispatcher1useast1
Wyndham_-_Ecomm_Responsive#wynhg-bws-prod65-dispatcher1useast1
Wyndham_Destinations#wyn-destinations-prod65-dispatcher1useast1
Wyndham_Hotel_Group#wynhg-myportalbs-prod65-dispatcher1uswest2
Xero_Limited#xero-prod-65-dispatcher1uswest2
Zeppelin_Gmbh_(Enterprise)#zeppelin-prod-65-dispatcher1eucentral1
Zeppelin_Gmbh_(Enterprise)#zeppelin-prod-65-dispatcher1eucentral1v2
