24_Hour_Fitness#twentyfourhour-prod1-dispatcher1uswest1
adobe.io#adobeio-prod1-dispatcher1useast1
Ageas_SA_NV#aginsurance-prod3-dispatcher1eucentral1
Agilent_Technologies#agilent-prod1-dispatcher1uswest2
Alexander_Forbes_Group_(Basic)#alexforbes-prod1-dispatcher1southafricanorth
Altec#altec-prod-dispatcher1useast1
Ariston_Thermo_Spa#aristonthermo-prod1-dispatcher1eucentral1
Australian_Institute_of_Company_Directors#aicd-prod-dispatcher1australiaeast
Australian_Institute_of_Company_Directors#aicd-prod-dispatcher1australiaeast
Autonation_Inc#autonation-prod2-dispatcher1useast1
Avery_Dennison_Corp#averydennisoncorp-prod1-dispatcher1useast1
AXPO_Services_AG#axpo-prod1-dispatcher1westeurope
AXPO_Services_AG#axpo-prod1-dispatcher1westeurope
Banque_Cantonale_Vaudoise#bcv-prod-dispatcher1switzerlandnorth
Banque_Cantonale_Vaudoise#bcv-prod-dispatcher1switzerlandnorth
Beverages_&_More,_Inc.#bevmo-prod-dispatcher1westus
BMC_Software_Inc#bmc-prod2-dispatcher1useast1
Bolton_Adhesives#boltonadhesives-prod2-dispatcher1euwest1
Bruker_Biospin_gmbh#bruker-prod2-dispatcher1eucentral1
Bruker_Daltonik_GmbH#brukerdalto-prod-dispatcher1germanywestcentral
CAA_Atlantic_Limited#caaatlantic-prod1-dispatcher1canadaeast
Caltex_(Chevron)#caltex-prod7-dispatcher1apsoutheast1
Cambridge_Investment_Research#cir2-prod2-dispatcher1useast1
Cargill_Inc#cargill-prod4-dispatcher1useast1
CEAT_Limited#ceat-prod1-dispatcher1apsouth1
Cerebos_Pacific_Limited#cerebos-prod2-dispatcher1apsoutheast1
CFSGAM_Services_Pty_Ltd#cfsgamservices-prod2-dispatcher1apsoutheast1
City_of_Dallas#cityofdal-prod4-dispatcher1southcentralus
City_of_Sacramento#cityofsac-prod2-dispatcher1westus2
City_of_Sydney#cityofsydney-prod-dispatcher1australiaeast
Coca-Cola_HBC_AG#blacksunplc-prod-dispatcher1euwest1
Coherent_Inc#coherent-prod1-dispatcher1uswest1
Condominium_Authority_Of_Ontario#cao-prod-dispatcher1canadacentral
County_of_Los_Angeles_DPSS#dpsslacounty-prod5-dispatcher1uswest1
Credit_Union_National_Association#cuna-prod-dispatcher1centralus
CST_Consultants_Inc.#cst-prod-dispatcher1canadacentral
CST_Consultants_Inc.#cst-prod-dispatcher1canadacentral
Dropbox#dropbox-prod6-dispatcher1uswest1
Dropbox_(Intranet)#dropbox-intranet-prod1-dispatcher1uswest1
Duluth_Trading#duluthtrad-prod-dispatcher1northcentralus
Edelweiss_Tokio_Life_Insurance_Limited#edelweisstokio-prod-dispatcher1apsouth1
Education_Affiliates#edaff-prod2-dispatcher1useast1
Ego_Pharmaceuticals_Pty_Ltd#egopharm-prod8-dispatcher1apsoutheast2
Elkay_Manufacturing_Company#elkay-prod3-dispatcher1useast1
Enel#enelglobal-prod2-dispatcher1eucentral1
Entegris#entegris-prod4-dispatcher1useast1
Equinix_Inc#equinix-prod1-dispatcher1westus2
Ethias_SA#ethiassa-prod2-dispatcher1westeurope
Expedia_Inc.#expedia-prod2-dispatcher1uswest2
FCCI_Services_Inc#fcci-prod2-dispatcher1useast1
Fidelity_National_Charitable_Services#fncs-prod1-dispatcher1useast1
Fiesta_Hotels_and_Resorts#palladiumhotelgroup-prod1-dispatcher1euwest1
Finning_International_Inc.#finning-prod-dispatcher1uksouth
Flughafen_Berlin_Brandenburg_gmbh#berlinairport-prod1-dispatcher1eucentral1
Freemans_PLC#fgh-prod-dispatcher1uksouth
Future_Generali_India_Insurance_Co_Ltd#futuregenerali-prod-dispatcher1apsouth1
Galapagos_NV#galapagos-prod-dispatcher1eucentral1
Gap_(Basic)#gap-prod-dispatcher1westus
General_Motors_Holdings_LLC#generalmotors-prod1-dispatcher1useast1
Gigamon#gigamon-prod3-dispatcher1uswest2
Godrej_Housing_Finance_Limited#godrejhf-prod-dispatcher1apsouth1
GoodLife_Fitness_Centre#goodlife-prod-dispatcher1canadacentral
Griffith_University#griffithedu-prod2-dispatcher1apsoutheast2
H._Lundbeck_AS#lundbeck-prod2-dispatcher1eucentral1
HD_Supply_Facilities_Maintenance#hdsupply-prod1-dispatcher1eastus2
Helly_Hansen_AS#hellyhansen-prod-dispatcher1eastus
Hill-Rom_Services_Inc.#hillrom-prod1-dispatcher1eastus2
Hilton_Domestic_Operating_Company_Inc#hilton-prod2-dispatcher1useast1
Hottinger_Bruel_&_Kjaer_GmbH#hbkworld-prod-dispatcher1northeurope
HSBC_Global_Services_Limited#hangseng-prod1-dispatcher1southeastasia
HSBC_Global_Services_Limited_(Channel_Islands)#hsbciom-prod1-dispatcher1euwest2
Illycaffe_SPA#nbugini-prod4-dispatcher1eucentral1
Japan_Airlines#jal-prod-dispatcher1apsoutheast1
JCPenney_Corporation#jcpenney-prod1-dispatcher1useast1
John_Lewis_Plc_(Basic)#johnlewis-prod3-dispatcher1euwest1
JT_International_SA#jti-prod1-dispatcher1westeurope
Kemet_Corporation#kemet-Prod-dispatcher1eastus2
Kemin_Industries#kemin-prod2-dispatcher1useast1
Korn_Ferry#kornferry-prod-dispatcher1westus
Kotak#kotak-prod-dispatcher1centralindia
La_Trobe_University#latrobe-prod2-dispatcher1australiasoutheast
Lionbridge_Technologies#lionbridge-prod2-dispatcher1eastus
Lloyds_Register_Group_Services_LTD_(Basic)#lr-prod2-dispatcher1northeurope
Magneti_Marelli_Spa#magnetimarelli-prod2-dispatcher1eucentral1
Maison_Battat_Inc#maisobatta-prod1-dispatcher1francecentral
McDonalds_Promotions_GmbH#mcdonaldprom-prod-dispatcher1westeurope
Ministerio_De_Asuntos_Economicos#economia-prod-dispatcher1francecentral
Momentive_Performance_Materials_Inc.#momentive-prod-dispatcher1eastus
Moog_Inc#moog-prod3-dispatcher1useast1
Movement_Mortgage_LLC#movement-prod-dispatcher1eastus2
MSC_Cruises_SA#msccruises-prod2-dispatcher1eucentral1
MTU_Friedrichshafen_gmbh#rrpowersystems-prod2-dispatcher1eucentral1
National_Rural_Utilities_Cooperative_Finance_Corporation#nrucfc-prod9-dispatcher1useast1
NCR_Corporation#ncrcorporation-prod2-dispatcher1useast1
Nearmap_US_Inc.#nearmap-prod1-dispatcher1uswest2
Nethys_SA#nethys-prod-dispatcher1euwest1
Northgate_Espana_Renting_Flexible#northgate-prod2-dispatcher1francecentral
NSK_Europe_LTD#nskeuropeltd-prod1-dispatcher1eucentral1
NSW_Business_Chamber_Limited#nswbc-prod-dispatcher1australiaeast
Nuance_Communications#nuance-prod4-dispatcher1useast1
NV_DKV_Belgium#dkv-prod3-dispatcher1eucentral1
NV_Moteo_Two_Wheels_Europe#moteogroup-prod1-dispatcher1euwest1
NV_Moteo_Two_Wheels_Europe#moteogroup-prod1-dispatcher1euwest1
NV_Puratos#nvpuratos-prod3-dispatcher1northeurope
Oriental_Trading_Company#orientaltrading-prod1-dispatcher1uswest1
Orora_Packaging_Solutions#ororagroup-prod-dispatcher1uswest1
Pacific_Life_Insurance_Company#pacificlifersd-prod2-dispatcher1uswest2
Pentland_Brands_Ltd#pentland-prod3-dispatcher1ukwest
PNB_MetLife_India_Insurance_Company_Ltd#pnbmetlife-prod-dispatcher1apsouth1
Produban_Servicos_Informaticos_Generales#gruposantand-prod-dispatcher1northeurope
Radley_and_Co_Ltd.#radleyandco-prod-dispatcher1uksouth
Redbox_Automated_Retail_LLC#redbox-prod1-dispatcher1useast1
Redstone_Federal_Credit_Union#redfcu-prod1-dispatcher1useast1
Renta_4_Banco_SA#renta-prod-dispatcher1euwest1
Research_Affiliates_LLC#researchaffiliates-prod16-dispatcher1uswest1
Riverbed_IT#riverbedit-prod1-dispatcher1uswest1
RSM_US_LLP#mcgladreyllp-prod1-dispatcher1centralus
SecurityMetrics_Inc#securitymetrics-prod-dispatcher1uswest2
Singapore_Life_Ltd#singlife-prod-dispatcher1apsoutheast1
Sj_Ab#sjab-prod-dispatcher1westeurope
Solo_Invest#soloinvest-prod1-dispatcher1francecentral
South_Australia_Department_for_Education#sade-prod2-dispatcher1apsoutheast2
South_East_Water_Ltd#sew-prod-dispatcher1australiasoutheast
Southern_Company_Services#southernco-prod1-dispatcher1useast1
State_Bidco_Limited#tastecard-prod4-dispatcher1euwest2
State_of_California_Department_of_Motor_Vehicles#dmv-prod-dispatcher1westus
Stepan_Company#stepan-prod-dispatcher1centralus
Technische_Unie_BV#technische-prod-dispatcher1westeurope
Telstra_(Wholesale)#telstra-prod12-dispatcher1apsoutheast2
Temasek_Polytechnic#temasek-prod-dispatcher1southeastasia
Tenet_HealthSystem_Medical_Inc.#tenethealth-prod1-dispatcher1southcentralus
Tesco_Mobile_Ltd#tescomobile-prod-dispatcher1uksouth
The_Bank_of_Nova_Scotia#scotiabank-prod-dispatcher1canadaeast
The_Braun_Corporation#brauncorp-prod3-dispatcher1useast1
The_Learning_Lab#thelearninglab-prod1-dispatcher1apsoutheast1
Thomas_Jefferson_University#tju-prod1-dispatcher1useast1
Thoughtworks#thoughtworks-prod1-dispatcher1euwest1
Torrid_LLC#torrid-prod1-dispatcher1uswest2
Trustmark_National_Bank#trustmark-prod-dispatcher1eastus
U_Gie_Iris#ugieiris-prod1-dispatcher1eucentral1
Unionen#unionen-prod-dispatcher1westeurope
United_Overseas_Bank_Limited#uob-prod2-dispatcher1apsoutheast1
Uniting#uniting-prod1-dispatcher1australiaeast
University_of_Adelaide#adelaideedu-prod-dispatcher1apsoutheast2
University_of_Canberra#uoc-prod4-dispatcher1australiaeast
USCC_Services_LLC#uscellular-prod1-dispatcher1useast1
UST_Global#ustglobal-prod1-dispatcher1eastus2
Viessmann_IT_Services_GmbH#viessmann-prod-dispatcher1eucentral1
Vineyard_Vines_LLC#vineyardvines-prod3-dispatcher1useast1
Vizio_Inc.#vizio-prod-dispatcher1westus2
We.Retail_Smoke_Test_Basic#weretailsandbox-prod-dispatcher1useast1
Wideroe_AS#wideroe-prod1-dispatcher1eucentral1
Wisconsin_Department_of_Natural_Resources#wisconsin-prod-dispatcher1centralus
WM_Jordan_Company#wmjordan-prod-dispatcher1eastus
WR_Grace#grace-prod-dispatcher1eastus
Yada_Energia_S.R.L#yadaenergia-prod-dispatcher1westeurope
ZS_Associates#zsassociate-prod-dispatcher1eastus
